<?xml version="1.0" encoding="UTF-8" standalone="yes"?>
<a:clrScheme xmlns:a="http://schemas.openxmlformats.org/drawingml/2006/main" name="iad_design"><a:dk1><a:sysClr val="windowText" lastClr="000000"/></a:dk1><a:lt1><a:srgbClr val="FFFFFF"/></a:lt1><a:dk2><a:srgbClr val="004E73"/></a:dk2><a:lt2><a:srgbClr val="FFFFFF"/></a:lt2><a:accent1><a:srgbClr val="00715E"/></a:accent1><a:accent2><a:srgbClr val="99A604"/></a:accent2><a:accent3><a:srgbClr val="BE6F00"/></a:accent3><a:accent4><a:srgbClr val="9C1C26"/></a:accent4><a:accent5><a:srgbClr val="4C226A"/></a:accent5><a:accent6><a:srgbClr val="004E73"/></a:accent6><a:hlink><a:srgbClr val="0000FF"/></a:hlink><a:folHlink><a:srgbClr val="800080"/></a:folHlink></a:clrScheme>